{
  "page": 1,
  "page_count": 6,
  "list": [{
	"erp_id":         "15170512074614457",
    "erp_status":     "回调通信成功",
    "order_id":       "G512463731786316", 
    "order_time":     "12-31: 12:35",
    "customer":           "黄朝輝",
    "mobile":          "0932101234",
    "mail":           "Admin@qq.com",
    "address":        "台灣高雄市仁武區澄仁西街78號",
    "payment_status": "未付款",
    "payment_type":   "貨到付款",
    "product_name":   "荷蘭硅膠便攜運動水瓶",
    "product_attr":   "成熟穩重紅",
    "product_quantity":  1,
    "product_price":    "NT$998",
    "product_total":    "NT$998",
    "product_img":      "img/64x64.png"    
},{
	"erp_id":         "15170512074614457",
    "erp_status":     "回调通信成功",
    "order_id":       "G512463731786316", 
    "order_time":     "12-31: 12:35",
    "customer":           "黄朝輝",
    "mobile":          "0932101234",
    "mail":           "Admin@qq.com",
    "address":        "台灣高雄市仁武區澄仁西街78號",
    "payment_status": "未付款",
    "payment_type":   "貨到付款",
    "product_name":   "荷蘭硅膠便攜運動水瓶",
    "product_attr":   "成熟穩重紅",
    "product_quantity": 1,
    "product_price":    "NT$998",
    "product_total":    "NT$998",
    "product_img":      "img/64x64.png"    
}]
}