{
    "page": 1,
    "page_count": 6,
    "list":
    [{
          "id": 233,
          "name": "荷蘭硅膠便攜運動水瓶采莲南塘秋莲花过人头低头弄莲子莲子清如水",
          "price": "899",
          "currencyUnit": "HKD",
          "domain": "www.google.com.cn",
          "addTime": "12-31 12:35",
          "theme": "style15",
          "img":  "/build/img/64x64.png"
    },
    {
          "id": 232,
          "name": "荷蘭硅膠便攜運動水瓶采莲南塘秋莲花过人头低头弄莲子莲子清如水",
          "price": "899",
          "currencyUnit": "HKD",
          "domain": "www.google.com.cn",
          "addTime": "12-31 12:35",
          "theme": "style15",
           "img":  "/build/img/64x64.png"
    },
    {
          "id": 231,
          "name": "荷蘭硅膠便攜運動水瓶采莲南塘秋莲花过人头低头弄莲子莲子清如水",
          "price": "899",
          "currencyUnit": "HKD",
          "domain": "www.google.com.cn",
          "addTime": "12-31 12:35",
          "theme": "style15",      
           "img":  "/build/img/64x64.png"
    },
    {
          "id": 230,
          "name": "荷蘭硅膠便攜運動水瓶采莲南塘秋莲花过人头低头弄莲子莲子清如水",
          "price": "899",
          "currencyUnit": "HKD",
          "domain": "www.google.com.cn",
          "addTime": "12-31 12:35",
          "theme": "style15",
           "img":  "/build/img/64x64.png"
    },
    {
          "id": 229,
          "name": "荷蘭硅膠便攜運動水瓶采莲南塘秋莲花过人头低头弄莲子莲子清如水",
          "price": "899",
          "currencyUnit": "HKD",
          "domain": "www.google.com.cn",
          "addTime": "12-31 12:35",
          "theme": "style15",
           "img":  "/build/img/64x64.png"
    },
    {
          "id": 228,
          "name": "荷蘭硅膠便攜運動水瓶采莲南塘秋莲花过人头低头弄莲子莲子清如水",
          "price": "899",
          "currencyUnit": "HKD",
          "domain": "www.google.com.cn",
          "addTime": "12-31 12:35",
          "theme": "style15",
           "img":  "/build/img/64x64.png"
    }]
}