
{
	"area":[
		"台湾","香港","澳门","新加坡","越南","泰国","阿拉伯","马来西亚","美国","日本"
	],
	"arealang":[
		"繁体中文","简体中文","英语","越南语","泰语","阿拉伯语","日语"
	],
	"areamodel":[
		{ 
			"theme":"wnczxzd.com(jp)", 
			"title":"style4(jp)",
			"regions":["日本"], 
			"img":"/theme/wnczxzd.com(jp)/preview.png",
			"type_goods":["单产品","2个套餐","多个套餐"],
			"pay_type":["货到付款","易极付","paypal"],
			"lang":["日语"],
			"author":"伍家能",
			"referto_links":"http://www.kqizs.com/style4(jp)",
			"special":"轮播图, 评论晒图",
			"use_number":""
		},
		{
			"theme":"style7(yn)", 
			"title":"style7(yn)",
			"regions":["越南"], 
			"img":"/theme/style7(yn)/preview.png",
			"type_goods":["单产品","2个套餐","多个套餐"],
			"pay_type":["货到付款","易极付","paypal"],
			"lang":["越南语"],
			"author":"伍家能",
			"referto_links":"http://www.kqizs.com/style7(yn)",
			"special":"轮播图, 评论晒图",
			"use_number":""
		},
		{ 
			"theme":"Black(EN)", 
			"title":"Black(EN)",
			"regions":["美国"], 
			"img":"/theme/Black(EN)/preview.png",
			"type_goods":["单产品","2个套餐","多个套餐"],
			"pay_type":["货到付款","易极付","paypal"],
			"lang":["英语"],
			"author":"伍家能",
			"referto_links":"http://www.kqizs.com/Black(EN)",
			"special":"轮播图, 评论晒图",
			"use_number":""
		},
		{ 
			"theme":"style7", 
			"title":"style7",
			"regions":["美国","泰国","阿拉伯","马来西亚","新加坡"], 
			"img":"/theme/style7/preview.png",
			"type_goods":["单产品","2个套餐","多个套餐"],
			"pay_type":["货到付款","易极付","paypal"],
			"lang":["英语","泰语","阿拉伯语"],
			"author":"伍家能",
			"referto_links":"http://www.kqizs.com/style7",
			"special":"轮播图, 评论晒图",
			"use_number":""
		},
		{ 
			"theme":"style8(en)", 
			"title":"style8(en)",
			"regions":["美国"], 
			"img":"/theme/style8(en)/preview.png",
			"type_goods":["单产品","2个套餐","多个套餐"],
			"pay_type":["货到付款","易极付","paypal"],
			"lang":["英语"],
			"author":"罗先绪",
			"referto_links":"http://www.kqizs.com/style8(en)",
			"special":"轮播图, 评论晒图",
			"use_number":""
		},
		{ 
			"theme":"blue(TW)", 
			"title":"style3",
			"regions":["台湾","香港","澳门"], 
			"img":"/theme/blue(TW)/preview.png",
			"type_goods":["单产品","2个套餐","多个套餐"],
			"pay_type":["货到付款","易极付","paypal"],
			"lang":["繁体中文"],
			"author":"伍家能",
			"referto_links":"http://www.kqizs.com/style3",
			"special":"轮播图, 评论晒图",
			"use_number":""
		},
		{
			"theme":"wnczxzd.com",
			"title":"style4",
			"regions":["台湾","香港","澳门"], 
			"img":"/theme/wnczxzd.com/preview.png",
			"type_goods":["单产品","2个套餐","多个套餐"],
			"pay_type":["货到付款","易极付","paypal"],
			"lang":["繁体中文"],
			"author":"伍家能",
			"referto_links":"http://www.kqizs.com/style4",
			"special":"评论晒图",
			"use_number":""
		},
		{
			"theme":"style5+timer", 
			"title":"style5",
			"regions":["台湾","香港","澳门"], 
			"img":"/theme/style5+timer/preview.png" ,
			"type_goods":["单产品","2个套餐","多个套餐"],
			"pay_type":["货到付款","易极付","paypal"],
			"lang":["繁体中文"],
			"author":"伍家能",
			"referto_links":"http://www.kqizs.com/style5",
			"special":"轮播图, 评论晒图",
			"use_number":""
		},
		{
			"theme":"style6", 
			"title":"style6",
			"regions":["台湾","香港","新加坡","澳门"], 
			"img":"/theme/style6/preview.png" ,
			"type_goods":["单产品","2个套餐","多个套餐"],
			"pay_type":["货到付款","易极付","paypal"],
			"lang":["繁体中文","简体中文"],
			"author":"伍家能",
			"referto_links":"http://www.kqizs.com/style6",
			"special":"轮播图, 评论晒图",
			"use_number":""
		},
		{
			"theme":"style8", 
			"title":"style8",
			"regions":["台湾","香港","澳门"], 
			"img":"/theme/style8/preview.png" ,
			"type_goods":["单产品","2个套餐","多个套餐"],
			"pay_type":["货到付款","易极付","paypal"],
			"lang":["繁体中文"],
			"author":"徐梦圆",
			"referto_links":"http://www.kqizs.com/style8",
			"special":"轮播图, 评论晒图",
			"use_number":""
		},
		{
			"theme":"style9", 
			"title":"style9",
			"regions":["台湾","香港","澳门"], 
			"img":"/theme/style9/preview.png" ,
			"type_goods":["单产品","2个套餐","多个套餐"],
			"pay_type":["货到付款","易极付","paypal"],
			"lang":["繁体中文"],
			"author":"罗先绪",
			"referto_links":"http://www.kqizs.com/style9",
			"special":"轮播图, 评论晒图",
			"use_number":""
		},
		{
			"theme":"style10", 
			"title":"style10",
			"regions":["台湾","香港","澳门"], 
			"img":"/theme/style10/preview.png" ,
			"type_goods":["单产品","2个套餐","多个套餐"],
			"pay_type":["货到付款","易极付","paypal"],
			"lang":["繁体中文"],
			"author":"罗先绪",
			"referto_links":"http://www.kqizs.com/style10",
			"special":"轮播图, 评论晒图",
			"use_number":""
		},
		{
			"theme":"style12", 
			"title":"style12",
			"regions":["台湾","香港","澳门"], 
			"img":"/theme/style12/preview.png" ,
			"type_goods":["单产品","2个套餐","多个套餐"],
			"pay_type":["货到付款","易极付","paypal"],
			"lang":["繁体中文"],
			"author":"徐梦圆",
			"referto_links":"http://www.kqizs.com/style12",
			"special":"轮播图",
			"use_number":""
		},
		{
			"theme":"style13", 
			"title":"style13",
			"regions":["台湾","香港","澳门"], 
			"img":"/theme/style13/preview.png" ,
			"type_goods":["单产品","2个套餐","多个套餐"],
			"pay_type":["货到付款","易极付","paypal"],
			"lang":["繁体中文","简体中文"],
			"author":"罗先绪",
			"referto_links":"http://www.kqizs.com/style13",
			"special":"轮播图, 评论晒图",
			"use_number":"",
			"tag": "推荐"
		},
		{
			"theme":"style14",
			"title":"style14",
			"regions":["台湾","香港","澳门"], 
			"img":"/theme/style14/preview.png" ,
			"type_goods":["单产品","2个套餐"],
			"pay_type":["货到付款","易极付","paypal"],
			"lang":["繁体中文"],
			"author":"徐梦圆",
			"referto_links":"http://www.kqizs.com/style14",
			"special":"轮播图, 评论晒图",
			"use_number":""
		},
		{
			"theme":"style15",
			"title":"style15",
			"regions":["台湾","香港","澳门"], 
			"img":"/theme/style15/preview.png" ,
			"type_goods":["单产品"],
			"pay_type":["货到付款","易极付","paypal"],
			"lang":["繁体中文"],
			"author":"罗先绪",
			"referto_links":"http://www.kqizs.com/style15",
			"special":"轮播图, 评论晒图，下拉式操作，简洁界面",
			"use_number":""
		},
		{
        	"theme":"style16",
        	"title":"style16",
        	"regions":["台湾","香港","澳门"],
        	"img":"/theme/style16/preview.png" ,
        	"type_goods":["单产品","2个套餐"],
        	"pay_type":["货到付款","易极付","paypal"],
        	"lang":["繁体中文"],
        	"author":"罗先绪",
        	"referto_links":"http://www.kqizs.com/style16",
        	"special":"轮播图, 评论晒图",
        	"use_number":""
        },
        {
        	"theme":"style17",
        	"title":"style17",
        	"regions":["台湾","香港","澳门"],
        	"img":"/theme/style17/preview.png" ,
        	"type_goods":["单产品"],
        	"pay_type":["货到付款"],
        	"lang":["繁体中文"],
        	"author":"伍家能",
        	"referto_links":"http://www.kqizs.com/style17",
        	"special":"限时抢购，轮播图，评论+晒图，适合单套餐或者单品情况",
        	"use_number":"",
        	"tag": "推荐"
        },
        {
        	"theme":"style18",
        	"title":"style18",
        	"regions":["越南"],
        	"img":"/theme/style18/preview.png" ,
        	"type_goods":["单产品","2个套餐","多个套餐"],
        	"pay_type":["货到付款"],
        	"lang":["越南语"],
        	"author":"徐梦圆",
        	"referto_links":"http://www.kqizs.com/style18",
        	"special":"轮播图",
        	"use_number":""
        }
		, { 
			"theme":"style2", 
			"title":"style2",
			"regions":["台湾","香港","澳门"], 
			"img":"/theme/style2/preview.png",
			"type_goods":["单产品","2个套餐","多个套餐"],
			"pay_type":["货到付款","易极付","paypal"],
			"lang":["繁体中文"],
			"author":"罗先绪",
			"referto_links":"http://www.kqizs.com/style2",
			"special":"轮播图, 评论晒图",
			"use_number":"",
			"tag": "推荐"
		}
		, {
        	"theme":"style19",
        	"title":"style19",
        	"regions":["台湾","香港","澳门"],
        	"img":"/theme/style19/preview.png" ,
        	"type_goods":["单产品","2个套餐"],
        	"pay_type":["货到付款","易极付","paypal"],
        	"lang":["繁体中文"],
        	"author":"陈雪霞",
        	"referto_links":"http://www.kqizs.com/style19",
        	"special":"轮播图, 评论晒图",
        	"use_number":""
        }
        , {
        	"theme":"style20",
        	"title":"style20",
        	"regions":["越南"],
        	"img":"/theme/style20/preview.png" ,
        	"type_goods":["单产品","2个套餐"],
        	"pay_type":["货到付款"],
        	"lang":["越南语"],
        	"author":"徐梦圆",
        	"referto_links":"http://www.kqizs.com/style20",
        	"special":"轮播图, 评论晒图",
        	"use_number":""
        }
        , {
			"theme":"style23",
			"title":"style23",
			"regions":["台湾","香港","澳门"], 
			"img":"/theme/style23/preview.png" ,
			"type_goods":["单产品","2个套餐"],
			"pay_type":["货到付款","易极付","paypal"],
			"lang":["繁体中文"],
			"author":"陈雪霞",
			"referto_links":"http://www.kqizs.com/style23",
			"special":"轮播图, 评论晒图",
			"use_number":""
        }
	]
}
